backup,repo,tip,label,trajanje_s,velicina_baze_B,delta_B,repo_delta_B,repo_size_B,prior,reference
FULL,1,full,20260930-015817F,3.177,532229266,532229266,189526303,189526303,,
FULL,2,full,20260930-015820F,1.541,532229266,532229266,189807814,0,,
INCR #1,1,incr,20260930-015817F_20260930-015825I,0.826,533957778,53494021,19631653,190318024,20260930-015817F,20260930-015817F
INCR #1,2,incr,20260930-015820F_20260930-015826I,0.927,533957778,53231877,825893,0,20260930-015820F,20260930-015820F
INCR #2,1,incr,20260930-015817F_20260930-015830I,1.134,535579794,163725573,57456221,190853520,20260930-015817F_20260930-015825I,20260930-015817F 20260930-015817F_20260930-015825I
INCR #2,2,incr,20260930-015820F_20260930-015831I,0.794,535579794,163725573,1177531,0,20260930-015820F_20260930-015826I,20260930-015820F 20260930-015820F_20260930-015826I
DIFF,1,diff,20260930-015817F_20260930-015841D,0.834,535579794,217202949,77087334,190853520,20260930-015817F,20260930-015817F
DIFF,2,diff,20260930-015820F_20260930-015842D,0.759,535579794,216940805,2002891,0,20260930-015820F,20260930-015820F
INCR #3,1,incr,20260930-015817F_20260930-015846I,0.843,535702673,53346564,19580820,190905630,20260930-015817F_20260930-015841D,20260930-015817F 20260930-015817F_20260930-015841D
INCR #3,2,incr,20260930-015820F_20260930-015847I,0.924,535702674,53346565,87243,0,20260930-015820F_20260930-015842D,20260930-015820F 20260930-015820F_20260930-015842D
